Country,GDP,EnergyConsumption,Population
USA,22675271,15000,331000000
Germany,4500650,1200,83000000
India,3167800,5000,1393409038
Brazil,2606580,2000,213993437
Japan,4936900,1000,125960000
Australia,1541580,600,25687041
China,17734000,8000,1444216107
SouthAfrica,419550,600,59308690
Russia,1578000,2000,144104080