Country,Continent
USA,NorthAmerica
Canada,NorthAmerica
Germany,Europe
France,Europe
Japan,Asia
India,Asia
China,Asia
Brazil,SouthAmerica
Argentina,SouthAmerica
Australia,Oceania
New Zealand,Oceania
SouthAfrica,Africa
Nigeria,Africa