Country,Continent,EnergyConsumption,Population,UnemploymentRate
USA,NorthAmerica,15000,331000000,4.0
Germany,Europe,1200,83000000,3.5
India,Asia,5000,1393409038,7.2
Brazil,SouthAmerica,2000,213993437,6.5
Japan,Asia,1000,125960000,2.8
Australia,Oceania,600,25687041,5.0
China,Asia,8000,1444216107,3.9
SouthAfrica,Africa,600,59308690,8.4
Russia,Europe,2000,144104080,5.5